,RLATtr,SVR,Ensemble
Q9LCC6,7.868656635284424,7.832716020281786,7.850686327783105
Q2YPV0,7.212793350219727,7.935625705472335,7.574209527846031
